{
  "v2ex-share": "V2EX-zuixinfenxiang",
  "zhihu": "zhihu",
  "weibo": "weibo-shishiresou",
  "zaobao": "lianhezaobao",
  "coolapk": "kuan-jinrizuire",
  "mktnews-flash": "MKTNews-kuaixun",
  "wallstreetcn-quick": "huaerjiejianwen-kuaixun",
  "wallstreetcn-news": "huaerjiejianwen-zuixin",
  "wallstreetcn-hot": "huaerjiejianwen-zuire",
  "36kr-quick": "36ke-kuaixun",
  "douyin": "douyin",
  "hupu": "hupu-zhugandaoretie",
  "tieba": "baidutieba-reyi",
  "toutiao": "jinritoutiao",
  "ithome": "ITzhijia",
  "thepaper": "pengpaixinwen-rebang",
  "sputniknewscn": "weixingtongxunshe",
  "cankaoxiaoxi": "cankaoxiaoxi",
  "pcbeta-windows11": "yuanjingluntan-Win11",
  "cls-telegraph": "cailianshe-dianbao",
  "cls-depth": "cailianshe-shendu",
  "cls-hot": "cailianshe-remen",
  "xueqiu-hotstock": "xueqiu-remengupiao",
  "gelonghui": "gelonghui-shijian",
  "fastbull-express": "fabucaijing-kuaixun",
  "fastbull-news": "fabucaijing-toutiao",
  "solidot": "Solidot",
  "hackernews": "Hacker News",
  "producthunt": "Product Hunt",
  "github-trending-today": "Github-Today",
  "bilibili-hot-search": "bilibili-resou",
  "bilibili-hot-video": "bilibili-remenshipin",
  "bilibili-ranking": "bilibili-paixingbang",
  "kuaishou": "kuaishou",
  "kaopu": "kaopuxinwen",
  "jin10": "jinshishuju",
  "baidu": "baiduresou",
  "nowcoder": "niuke",
  "sspai": "shaoshupai",
  "juejin": "xitujuejin",
  "ifeng": "fenghuangwang-redianzixun",
  "chongbuluo-latest": "chongbuluo-zuixin",
  "chongbuluo-hot": "chongbuluo-zuire",
  "douban": "douban-remendianying",
  "steam": "Steam-zaixianrenshu"
}